email,rec,elen,attch,slen,spam
eli302@outlook.com,10,235,1,35,1
eli194@outlook.com,3,211,1,19,0
eli415@me.com,17,232,1,69,1
eli105@aws.com,5,175,0,14,0
eli40@aws.com,5,67,1,10,0
efi16@me.com,1,214,1,14,0
efi38@google.com,1,85,1,10,0
david307@me.com,3,236,1,18,0
efi136@gmail.com,5,186,0,14,0
tamar63@me.com,3,135,1,20,0
david401@me.com,1,116,1,10,0
david60@aws.com,3,107,1,10,0
efi422@gmail.com,6,133,1,16,0
eli369@google.com,2,184,0,19,0
eli80@me.com,3,125,0,10,0
tamar421@outlook.com,2,6,1,11,1
eli240@gmail.com,24,79,1,18,1
david63@gmail.com,5,76,0,18,0
eli216@aws.com,2,59,1,14,0
eli456@gmail.com,2,174,0,12,0
avi332@outlook.com,17,143,0,60,1
tamar168@me.com,5,143,1,20,0
avi71@google.com,2,218,1,14,0
david216@aws.com,1,29,0,14,1
eli246@google.com,2,841,0,11,1
efi325@gmail.com,1,22,0,12,1
tamar104@me.com,6,224,0,13,0
efi314@outlook.com,4,121,0,11,0
eli407@aws.com,2,107,1,16,0
tamar370@aws.com,2,77,1,10,0
david194@google.com,4,78,0,16,0
avi100@outlook.com,21,52,0,36,1
eli347@gmail.com,1,242,0,20,0
efi166@google.com,12,172,1,15,1
eli75@gmail.com,15,85,1,45,1
david133@gmail.com,3,12,1,20,1
eli344@gmail.com,4,114,0,11,0
david294@gmail.com,6,204,0,13,0
eli267@gmail.com,6,170,1,15,0
david297@aws.com,3,181,0,11,0
tamar447@google.com,5,52,1,11,0
tamar156@google.com,3,19,0,14,1
avi11@gmail.com,5,155,0,14,0
eli48@aws.com,2,68,1,13,0
avi270@google.com,23,150,1,57,1
eli313@outlook.com,1,2,1,19,1
efi362@gmail.com,6,102,1,10,0
efi332@aws.com,4,114,1,17,0
tamar276@google.com,11,232,1,64,1
tamar100@outlook.com,6,62,0,20,0
eli10@google.com,3,124,0,12,0
tamar255@gmail.com,4,91,0,12,0
efi289@outlook.com,2,176,0,11,0
david441@me.com,2,30,0,18,1
tamar430@me.com,2,80,0,15,0
efi42@google.com,6,94,1,15,0
david395@me.com,2,465,0,18,1
david130@google.com,4,189,1,11,0
avi324@me.com,3,21,0,18,1
avi328@outlook.com,18,111,0,46,1
david248@me.com,4,124,0,11,0
david267@outlook.com,6,249,0,16,0
avi173@gmail.com,4,124,1,12,0
tamar318@outlook.com,5,51,0,11,0
david352@me.com,5,92,0,16,0
efi431@aws.com,1,127,1,16,0
david237@me.com,18,214,0,17,1
eli255@google.com,3,146,0,18,0
david430@me.com,2,207,0,18,0
tamar29@gmail.com,2,1066,1,20,1
avi348@me.com,4,173,1,17,0
efi328@outlook.com,6,50,1,16,0
david305@gmail.com,3,99,0,16,0
efi433@aws.com,5,228,0,20,0
eli303@aws.com,3,174,0,13,0
tamar157@me.com,5,231,1,14,0
tamar425@google.com,1,362,0,15,1
efi73@outlook.com,21,138,0,61,1
efi252@outlook.com,4,73,1,10,0
eli238@me.com,5,183,1,17,0
avi411@google.com,3,179,0,10,0
eli293@gmail.com,5,97,0,18,0
tamar415@gmail.com,6,148,0,20,0
avi409@google.com,4,105,0,20,0
avi51@outlook.com,5,230,0,16,0
david310@outlook.com,3,26,1,20,1
avi351@google.com,24,221,1,14,1
david383@me.com,2,220,0,20,0
david227@gmail.com,2,214,0,13,0
tamar30@outlook.com,1,689,0,19,1
eli168@outlook.com,1,306,1,16,1
avi357@aws.com,4,161,0,11,0
eli372@gmail.com,5,89,1,15,0
avi333@me.com,4,56,0,11,0
avi333@outlook.com,6,166,0,19,0
avi250@outlook.com,2,554,0,18,1
eli124@google.com,12,143,1,62,1
efi69@gmail.com,1,871,0,18,1
david20@outlook.com,2,942,0,12,1
eli432@me.com,6,220,0,19,0
efi215@outlook.com,21,177,1,15,1
david344@google.com,6,181,0,15,0
avi227@me.com,2,123,0,13,0
avi44@google.com,23,203,1,37,1
avi26@gmail.com,5,217,1,16,0
avi331@outlook.com,2,804,0,17,1
avi250@aws.com,4,61,0,18,0
david374@gmail.com,1,213,0,13,0
eli20@aws.com,21,224,1,28,1
david395@google.com,2,42,0,11,1
david126@gmail.com,1,152,0,12,0
efi75@aws.com,21,111,0,11,1
tamar250@me.com,1,21,1,20,1
david453@aws.com,6,59,1,10,0
avi449@gmail.com,1,155,0,14,0
efi81@google.com,6,70,0,20,0
efi125@gmail.com,5,65,1,19,0
eli272@google.com,4,12,1,19,1
efi367@outlook.com,1,151,1,15,0
tamar140@outlook.com,5,250,0,12,0
david454@aws.com,6,101,1,17,0
avi217@aws.com,1,10,0,14,1
efi58@outlook.com,1,740,1,11,1
david232@google.com,22,134,1,53,1
eli398@google.com,3,234,1,13,0
efi323@google.com,5,236,1,18,0
avi259@outlook.com,3,121,0,15,0
david310@google.com,3,122,1,17,0
eli393@gmail.com,1,933,0,11,1
tamar377@outlook.com,5,242,0,16,0
eli161@gmail.com,6,51,1,12,0
tamar349@outlook.com,2,59,0,19,0
david49@me.com,6,128,0,12,0
efi126@aws.com,11,90,1,16,1
tamar32@me.com,2,43,1,16,1
avi339@gmail.com,24,52,0,44,1
eli331@gmail.com,6,216,1,15,0
efi127@google.com,6,212,0,18,0
eli399@google.com,15,68,1,20,1
avi44@outlook.com,5,245,0,15,0
david258@outlook.com,4,108,0,18,0
eli197@me.com,2,228,1,16,0
tamar78@aws.com,4,25,0,20,1
efi6@me.com,5,204,0,17,0
efi425@me.com,1,4,0,11,1
efi277@me.com,14,129,1,15,1
tamar373@google.com,1,88,1,16,0
efi73@google.com,4,245,0,18,0
eli415@me.com,2,31,0,20,1
eli99@gmail.com,2,189,0,17,0
efi300@gmail.com,2,97,1,19,0
eli113@google.com,12,146,1,65,1
avi335@aws.com,6,242,1,11,0
david297@me.com,22,90,1,34,1
avi380@aws.com,2,217,1,16,0
avi383@aws.com,1,84,0,11,0
david188@me.com,1,117,0,15,0
david350@outlook.com,4,6,1,19,1
tamar148@me.com,1,331,0,14,1
avi356@me.com,4,240,1,15,0
efi305@aws.com,6,175,0,12,0
eli199@me.com,3,244,0,10,0
tamar339@outlook.com,3,171,0,16,0
eli264@aws.com,4,214,0,13,0
efi59@aws.com,5,104,1,19,0
efi65@aws.com,4,80,0,13,0
eli250@gmail.com,1,230,0,19,0
eli291@google.com,2,226,0,13,0
david18@me.com,1,111,0,19,0
tamar105@me.com,5,90,1,14,0
eli147@gmail.com,1,118,1,20,0
tamar398@outlook.com,6,110,1,12,0
efi354@outlook.com,5,209,0,18,0
avi247@me.com,3,207,1,14,0
david249@gmail.com,5,98,0,11,0
efi186@outlook.com,3,141,1,12,0
tamar246@gmail.com,3,241,1,13,0
david328@me.com,6,130,0,14,0
tamar110@google.com,14,154,1,12,1
eli344@me.com,3,155,0,16,0
avi443@google.com,4,209,1,15,0
eli146@gmail.com,3,51,0,20,0
david308@me.com,6,217,1,15,0
efi25@outlook.com,3,77,0,16,0
eli189@gmail.com,6,200,1,17,0
david77@gmail.com,2,1018,0,17,1
david167@me.com,3,133,0,17,0
david447@google.com,4,246,1,18,0
efi176@google.com,2,217,0,20,0
avi142@me.com,2,109,1,17,0
avi264@aws.com,4,138,1,13,0
efi114@gmail.com,2,187,0,13,0
avi152@gmail.com,4,142,1,16,0
tamar429@google.com,2,65,0,20,0
avi404@google.com,6,58,1,14,0
david301@me.com,1,14,0,17,1
avi443@google.com,5,161,0,11,0
eli202@gmail.com,6,144,0,10,0
eli184@me.com,1,218,0,18,0
tamar297@google.com,6,202,0,16,0
efi288@me.com,6,132,1,11,0
avi254@gmail.com,2,36,0,13,1
avi340@gmail.com,2,133,1,17,0
avi205@me.com,5,233,1,10,0
david334@gmail.com,6,114,0,13,0
efi419@outlook.com,4,201,0,20,0
david19@aws.com,1,125,1,17,0
avi252@outlook.com,3,190,0,10,0
avi160@google.com,2,100,0,14,0
david30@gmail.com,6,146,1,18,0
eli247@outlook.com,1,583,1,11,1
tamar43@gmail.com,1,183,1,18,0
avi251@gmail.com,3,95,1,13,0
david345@outlook.com,3,235,1,16,0
tamar133@gmail.com,2,7,0,12,1
efi220@gmail.com,2,1021,0,14,1
efi399@me.com,2,37,0,11,1
eli396@gmail.com,6,54,0,14,0
efi99@me.com,5,87,1,20,0
avi277@google.com,4,158,0,17,0
eli275@google.com,4,111,1,17,0
avi41@gmail.com,5,214,1,12,0
eli390@outlook.com,4,174,1,10,0
tamar368@me.com,6,56,0,12,0
eli286@aws.com,6,231,0,19,0
david272@gmail.com,1,98,1,17,0
tamar270@aws.com,4,83,1,13,0
david257@outlook.com,3,94,1,15,0
avi339@me.com,5,107,0,12,0
eli20@outlook.com,3,120,0,19,0
efi208@me.com,3,81,1,15,0
david104@gmail.com,1,135,0,20,0
david387@aws.com,2,383,0,19,1
avi191@gmail.com,5,237,1,10,0
efi272@me.com,14,235,1,26,1
efi404@gmail.com,1,195,1,11,0
avi71@me.com,4,184,0,11,0
efi362@outlook.com,5,150,0,19,0
eli222@gmail.com,2,57,0,20,0
tamar409@gmail.com,2,428,1,20,1
tamar353@me.com,2,69,1,18,0
david9@gmail.com,5,168,1,15,0
eli173@google.com,3,63,1,18,0
eli342@gmail.com,21,133,0,33,1
tamar28@me.com,2,169,0,17,0
avi6@aws.com,1,343,1,13,1
efi49@aws.com,2,200,0,11,0
eli433@aws.com,5,107,0,20,0
david131@me.com,4,120,0,14,0
avi272@google.com,4,196,0,19,0
david5@google.com,3,82,1,10,0
eli64@me.com,2,112,0,10,0
david293@me.com,1,217,1,20,0
tamar426@gmail.com,3,206,0,14,0
eli117@outlook.com,11,33,1,17,1
efi364@aws.com,2,82,0,10,0
eli27@gmail.com,3,191,0,12,0
avi155@outlook.com,15,152,1,58,1
david330@gmail.com,3,173,0,14,0
eli366@aws.com,4,61,1,19,0
david140@google.com,2,189,1,10,0
david121@gmail.com,5,59,1,18,0
tamar47@aws.com,2,239,0,11,0
david219@gmail.com,4,87,0,19,0
tamar18@google.com,1,338,0,13,1
efi128@outlook.com,1,116,1,19,0
tamar44@me.com,13,96,1,64,1
david266@outlook.com,12,148,1,28,1
eli307@google.com,20,198,0,52,1
efi271@me.com,2,63,0,15,0
david97@me.com,2,211,0,17,0
tamar391@google.com,2,213,0,13,0
avi143@gmail.com,24,83,0,11,1
avi172@me.com,5,141,0,20,0
eli57@outlook.com,5,216,0,10,0
avi147@gmail.com,2,210,0,12,0
tamar445@google.com,6,246,0,14,0
david326@me.com,5,143,1,20,0
eli256@google.com,2,162,1,15,0
avi255@me.com,6,191,0,19,0
david40@outlook.com,16,88,1,34,1
david67@outlook.com,5,54,1,18,0
david272@aws.com,1,656,1,10,1
efi291@me.com,4,135,0,13,0
efi373@outlook.com,2,54,0,10,0
tamar231@gmail.com,5,244,0,12,0
tamar98@aws.com,3,55,0,14,0
efi264@outlook.com,1,65,1,18,0
tamar212@outlook.com,5,137,0,19,0
avi305@gmail.com,6,185,0,20,0
eli365@outlook.com,5,142,1,10,0
avi130@google.com,2,118,1,12,0
eli374@gmail.com,4,173,0,13,0
tamar309@me.com,6,118,1,11,0
david293@google.com,2,206,0,20,0
efi97@me.com,19,176,0,48,1
tamar308@me.com,3,152,1,11,0
david345@gmail.com,4,184,1,14,0
avi14@me.com,4,11,1,18,1
avi386@google.com,2,54,0,18,0
avi263@gmail.com,1,218,1,17,0
tamar436@google.com,1,415,0,18,1
tamar407@aws.com,1,144,0,16,0
efi100@gmail.com,1,669,0,20,1
efi419@google.com,15,33,0,18,1
tamar235@gmail.com,5,60,0,11,0
efi332@google.com,4,154,1,19,0
tamar280@aws.com,3,206,1,16,0
efi68@aws.com,6,72,0,13,0
efi123@google.com,4,54,0,16,0
efi229@aws.com,17,31,1,11,1
eli4@gmail.com,3,191,1,18,0
eli388@me.com,4,234,1,11,0
david364@me.com,2,210,1,10,0
david319@aws.com,5,215,1,13,0
avi12@google.com,3,223,1,17,0
eli107@google.com,1,130,1,11,0
avi310@me.com,5,192,1,19,0
tamar408@aws.com,3,152,0,17,0
eli390@aws.com,24,95,0,50,1
eli240@outlook.com,15,27,1,54,1
david218@outlook.com,1,199,1,14,0
eli15@google.com,3,123,1,16,0
efi68@google.com,5,81,0,15,0
david13@gmail.com,1,219,1,18,0
david395@google.com,2,867,0,13,1
tamar146@google.com,1,136,0,10,0
eli142@aws.com,1,166,1,16,0
eli283@me.com,2,96,0,16,0
eli257@google.com,1,108,0,17,0
david394@me.com,2,52,0,14,0
david380@me.com,1,170,0,17,0
tamar224@me.com,5,151,1,16,0
efi106@google.com,14,123,1,11,1
david125@gmail.com,5,250,0,13,0
david332@outlook.com,22,161,1,10,1
avi34@gmail.com,21,204,0,11,1
avi223@gmail.com,14,82,0,13,1
david101@aws.com,4,55,1,11,0
efi419@outlook.com,2,667,1,20,1
eli438@me.com,2,50,0,17,0
eli271@me.com,24,126,1,11,1
david422@google.com,1,52,0,11,0
eli185@gmail.com,1,107,1,12,0
efi81@me.com,6,128,1,15,0
efi181@google.com,3,149,0,15,0
tamar188@google.com,6,242,1,11,0
avi191@gmail.com,3,86,1,13,0
avi281@outlook.com,2,18,0,17,1
david289@gmail.com,3,62,0,11,0
tamar307@aws.com,2,175,0,15,0
david96@me.com,4,85,0,16,0
eli269@gmail.com,21,158,1,12,1
david14@me.com,3,155,0,15,0
avi43@me.com,3,219,1,19,0
tamar344@outlook.com,6,231,0,15,0
eli388@gmail.com,3,83,0,11,0
avi283@google.com,20,34,1,10,1
david190@aws.com,3,238,0,10,0
tamar88@gmail.com,4,167,0,10,0
eli28@aws.com,5,116,0,13,0
david244@google.com,1,82,0,17,0
eli297@aws.com,2,69,0,11,0
david253@me.com,4,194,1,14,0
eli298@me.com,1,549,0,12,1
efi127@me.com,2,87,0,20,0
tamar135@aws.com,5,93,1,15,0
david440@aws.com,18,87,0,16,1
avi214@outlook.com,2,100,1,13,0
efi454@google.com,2,172,1,19,0
david258@gmail.com,2,54,1,13,0
avi151@aws.com,4,145,0,20,0
tamar429@google.com,16,89,1,30,1
avi301@aws.com,1,221,1,19,0
efi90@outlook.com,6,74,0,19,0
avi264@aws.com,4,166,0,14,0
eli66@aws.com,4,116,1,17,0
efi357@outlook.com,1,845,0,12,1
david439@google.com,4,56,0,20,0
tamar217@outlook.com,1,211,0,12,0
david295@google.com,2,69,0,17,0
david258@outlook.com,12,230,0,33,1
efi167@aws.com,5,164,0,18,0
eli334@outlook.com,4,184,0,15,0
eli308@google.com,2,134,1,19,0
efi324@google.com,5,226,1,15,0
eli242@gmail.com,1,150,0,18,0
david45@aws.com,5,133,1,13,0
eli304@me.com,14,26,1,11,1
avi334@google.com,1,138,1,13,0
avi5@gmail.com,1,145,1,16,0
avi69@aws.com,5,107,0,19,0
avi317@aws.com,2,98,1,15,0
avi41@me.com,6,228,0,14,0
eli426@google.com,6,213,1,15,0
efi366@gmail.com,2,361,0,20,1
david444@gmail.com,6,227,0,19,0
eli41@outlook.com,4,184,0,13,0
tamar444@aws.com,22,206,0,18,1
efi334@outlook.com,4,246,0,19,0
efi379@outlook.com,2,127,0,16,0
avi185@outlook.com,6,205,0,18,0
avi407@gmail.com,1,175,0,13,0
efi451@gmail.com,2,220,1,19,0
avi442@gmail.com,22,132,1,30,1
avi57@me.com,11,14,0,26,1
efi129@gmail.com,22,242,0,46,1
david193@aws.com,1,97,1,17,0
efi95@me.com,2,197,1,18,0
efi55@gmail.com,3,2,1,15,1
david267@gmail.com,2,85,0,13,0
eli177@me.com,1,196,1,13,0
david367@gmail.com,2,204,0,17,0
efi272@google.com,5,152,1,10,0
david115@google.com,1,158,1,15,0
avi178@google.com,4,55,0,15,0
eli273@me.com,1,134,0,20,0
efi29@aws.com,2,163,0,20,0
avi393@gmail.com,18,95,1,11,1
tamar395@aws.com,4,4,1,18,1
david27@aws.com,11,74,1,26,1
david403@me.com,1,111,1,11,0
tamar259@me.com,3,189,1,11,0
david43@aws.com,2,5,0,10,1
eli352@google.com,21,173,1,25,1
tamar312@aws.com,5,166,1,11,0
eli42@google.com,6,217,0,16,0
tamar163@google.com,2,446,1,14,1
eli336@aws.com,22,227,1,20,1
tamar290@google.com,24,159,0,15,1
efi384@me.com,3,85,0,11,0
david450@me.com,2,246,1,14,0
eli84@outlook.com,4,241,1,20,0
tamar8@outlook.com,21,198,0,10,1
david79@me.com,2,61,0,11,0
avi350@aws.com,11,245,1,68,1
eli47@google.com,1,117,0,15,0
david336@me.com,1,148,0,13,0
efi2@gmail.com,6,143,0,12,0
efi214@outlook.com,11,78,1,16,1
david150@me.com,6,182,1,15,0
avi337@aws.com,1,107,1,13,0
eli332@gmail.com,1,157,1,20,0
eli123@gmail.com,5,187,0,15,0
avi337@outlook.com,2,143,0,12,0
tamar265@me.com,19,206,1,36,1
tamar224@gmail.com,2,341,1,14,1
tamar271@gmail.com,5,103,1,10,0
efi171@google.com,2,1055,0,13,1
tamar161@gmail.com,2,166,1,10,0
eli305@me.com,3,165,1,17,0
eli184@gmail.com,19,150,1,19,1
efi243@gmail.com,1,104,1,14,0
tamar318@gmail.com,17,97,1,25,1
efi371@me.com,6,85,1,18,0
david153@me.com,1,64,1,19,0
david440@gmail.com,14,205,0,12,1
avi287@gmail.com,3,248,1,18,0
tamar154@aws.com,3,27,1,14,1
david115@outlook.com,18,21,0,18,1
david387@aws.com,1,11,0,20,1
avi68@outlook.com,1,82,1,11,0
avi116@aws.com,3,80,0,13,0
efi72@gmail.com,3,228,0,11,0
david65@google.com,11,84,0,15,1
efi30@aws.com,17,250,1,18,1
eli82@aws.com,1,228,0,20,0
tamar187@google.com,4,219,1,17,0
tamar163@google.com,4,155,0,14,0
david416@outlook.com,3,203,0,12,0
eli136@outlook.com,1,106,1,17,0
avi310@aws.com,16,225,1,10,1
david353@me.com,5,243,1,15,0
david44@google.com,1,710,0,14,1
tamar222@me.com,1,79,0,10,0
david299@gmail.com,6,149,1,12,0
efi130@me.com,4,207,0,19,0
tamar134@aws.com,2,105,0,13,0
david151@aws.com,5,182,0,20,0
david175@outlook.com,3,75,0,16,0
efi272@me.com,2,117,1,15,0
eli229@aws.com,22,76,0,37,1
david64@me.com,4,241,1,18,0
david291@aws.com,6,160,1,11,0
avi396@aws.com,24,130,0,30,1
david283@me.com,4,121,1,20,0
david267@aws.com,2,25,0,10,1
efi300@aws.com,4,119,1,13,0
tamar447@gmail.com,11,28,0,13,1
efi194@outlook.com,1,176,0,13,0
tamar109@google.com,3,28,1,11,1
david172@outlook.com,22,15,0,12,1
david320@google.com,2,565,1,20,1
tamar170@outlook.com,2,125,1,16,0
tamar212@me.com,24,211,0,26,1
tamar78@me.com,3,162,0,16,0
avi125@outlook.com,2,104,1,11,0
tamar367@google.com,5,246,0,18,0
avi21@aws.com,3,97,0,13,0
avi364@google.com,4,167,1,13,0
tamar61@me.com,5,155,1,16,0
david169@outlook.com,5,135,1,19,0
efi135@outlook.com,4,162,0,17,0
david110@me.com,15,107,0,19,1
avi449@outlook.com,2,241,0,20,0
avi89@outlook.com,4,104,1,13,0
avi194@google.com,1,5,1,18,1
tamar165@google.com,4,158,0,15,0
efi128@me.com,5,82,0,16,0
avi58@me.com,6,90,1,17,0
efi118@outlook.com,3,109,1,19,0
tamar172@outlook.com,3,21,1,13,1
eli264@gmail.com,6,72,1,20,0
david335@aws.com,3,21,0,17,1
tamar351@me.com,2,468,1,16,1
tamar367@gmail.com,13,184,0,61,1
tamar286@outlook.com,5,136,0,19,0
efi343@me.com,2,625,0,17,1
tamar397@gmail.com,5,91,0,16,0
eli282@aws.com,5,71,0,11,0
tamar406@google.com,4,23,0,19,1
efi177@me.com,2,107,1,13,0
avi432@aws.com,1,112,1,13,0
avi324@me.com,5,222,1,11,0
eli72@outlook.com,2,153,1,14,0
eli45@gmail.com,1,110,0,16,0
avi11@me.com,6,176,0,16,0
david225@outlook.com,6,137,0,12,0
efi291@me.com,1,4,1,19,1
tamar443@google.com,5,174,0,20,0
avi180@google.com,3,191,1,19,0
avi373@me.com,5,219,0,16,0
avi25@aws.com,4,22,0,11,1
david136@google.com,2,68,0,13,0
avi208@me.com,1,132,0,19,0
eli89@google.com,1,750,1,16,1
avi159@google.com,2,1068,0,15,1
david438@outlook.com,3,144,1,18,0
avi206@google.com,4,112,1,16,0
eli167@me.com,2,191,0,18,0
eli339@me.com,5,188,1,16,0
efi399@google.com,11,242,1,32,1
tamar278@aws.com,1,344,1,14,1
eli314@google.com,2,90,0,14,0
david69@google.com,6,174,0,12,0
david293@google.com,1,848,0,14,1
tamar247@gmail.com,6,202,0,11,0
eli184@me.com,3,100,1,17,0
avi399@outlook.com,17,98,1,12,1
tamar450@me.com,4,17,0,13,1
eli401@me.com,4,190,0,16,0
david226@outlook.com,1,125,0,12,0
efi261@me.com,2,783,1,17,1
avi269@outlook.com,3,94,1,15,0
david368@aws.com,3,119,0,11,0
avi234@google.com,4,8,1,15,1
david133@gmail.com,2,106,1,13,0
tamar207@me.com,1,100,1,16,0
efi185@google.com,6,143,0,14,0
tamar114@gmail.com,1,185,1,15,0
eli262@gmail.com,6,215,1,12,0
tamar285@me.com,4,120,1,11,0
eli16@google.com,3,110,1,14,0
efi60@me.com,2,218,1,14,0
david419@google.com,5,205,1,11,0
avi64@gmail.com,20,17,1,51,1
efi18@aws.com,5,118,1,17,0
david72@google.com,5,71,1,15,0
david357@me.com,3,110,0,19,0
david350@aws.com,5,151,1,11,0
avi92@outlook.com,1,147,0,19,0
eli422@google.com,2,645,1,13,1
eli362@me.com,1,31,0,19,1
david264@outlook.com,4,164,0,20,0
efi10@google.com,4,176,0,10,0
david202@aws.com,1,175,0,17,0
tamar436@gmail.com,3,112,0,14,0
tamar374@aws.com,6,158,0,14,0
tamar63@aws.com,18,61,1,13,1
eli164@gmail.com,14,224,0,35,1
tamar412@outlook.com,5,77,0,16,0
efi58@me.com,2,35,1,17,1
tamar89@gmail.com,1,244,1,16,0
efi265@outlook.com,2,124,1,12,0
david54@google.com,2,391,1,12,1
eli256@me.com,1,801,1,11,1
eli252@aws.com,6,183,0,16,0
efi253@google.com,4,177,0,19,0
tamar113@aws.com,1,30,0,12,1
efi4@outlook.com,5,53,0,16,0
avi37@me.com,6,50,0,20,0
david368@aws.com,2,61,1,18,0
avi184@aws.com,3,43,1,18,1
avi367@me.com,5,189,1,17,0
tamar339@me.com,19,67,1,20,1
tamar184@google.com,2,42,0,14,1
eli32@aws.com,5,184,1,14,0
tamar434@outlook.com,4,145,0,18,0
efi132@me.com,3,196,1,12,0
tamar455@outlook.com,13,155,0,10,1
tamar426@me.com,2,74,1,19,0
avi177@outlook.com,5,111,1,20,0
eli153@google.com,14,20,1,67,1
avi327@aws.com,18,10,0,53,1
avi285@gmail.com,3,247,1,17,0
avi108@aws.com,4,197,1,13,0
avi393@google.com,3,106,0,15,0
tamar285@aws.com,3,129,0,12,0
tamar384@aws.com,2,172,0,18,0
david42@outlook.com,6,80,0,11,0
eli146@aws.com,6,248,0,20,0
david147@outlook.com,5,131,0,10,0
avi239@aws.com,5,71,1,11,0
eli87@aws.com,5,205,1,12,0
david72@me.com,12,22,1,38,1
eli30@me.com,12,127,1,13,1
eli362@gmail.com,5,54,0,13,0
eli77@google.com,15,143,1,11,1
efi311@outlook.com,2,960,0,12,1
tamar18@me.com,1,219,0,19,0
eli59@gmail.com,6,124,1,11,0
avi254@google.com,20,96,1,15,1
david56@me.com,6,51,1,14,0
avi303@me.com,3,135,0,10,0
eli10@google.com,4,21,1,13,1
tamar450@google.com,2,29,0,17,1
david237@outlook.com,1,104,1,10,0
tamar158@outlook.com,3,55,0,18,0
david247@outlook.com,4,89,0,19,0
tamar204@gmail.com,1,111,1,13,0
david18@outlook.com,6,218,0,20,0
efi236@google.com,5,58,1,19,0
eli279@me.com,3,200,0,11,0
david27@outlook.com,1,214,0,16,0
david205@google.com,11,221,0,14,1
eli325@me.com,14,52,1,34,1
david414@aws.com,2,155,1,14,0
tamar427@outlook.com,2,76,1,14,0
david366@google.com,5,184,0,19,0
avi395@outlook.com,4,172,0,12,0
avi157@gmail.com,1,266,1,18,1
eli446@google.com,3,97,0,10,0
avi192@google.com,11,20,1,20,1
efi174@aws.com,5,89,1,12,0
tamar188@outlook.com,4,121,0,15,0
tamar417@google.com,5,168,0,20,0
eli132@aws.com,23,121,0,39,1
eli241@outlook.com,6,209,1,13,0
efi202@outlook.com,2,91,0,14,0
avi327@gmail.com,5,226,1,12,0
tamar98@aws.com,20,191,1,16,1
david333@google.com,1,100,1,20,0
tamar31@me.com,4,186,1,14,0
avi451@gmail.com,14,76,0,18,1
david285@aws.com,4,21,1,20,1
david156@google.com,1,379,1,18,1
david140@aws.com,1,13,0,11,1
tamar65@outlook.com,4,92,1,10,0
avi182@gmail.com,1,98,0,13,0
efi200@google.com,1,34,1,10,1
tamar414@google.com,14,185,1,27,1
tamar275@aws.com,5,94,1,17,0
david300@gmail.com,10,121,1,17,1
efi41@gmail.com,19,32,1,42,1
david59@outlook.com,11,101,1,36,1
david341@google.com,6,201,0,16,0
tamar397@aws.com,6,137,1,19,0
avi249@me.com,12,72,1,14,1
efi455@gmail.com,3,242,1,18,0
tamar225@google.com,1,179,0,12,0
eli398@outlook.com,6,181,1,14,0
tamar416@outlook.com,2,807,0,16,1
tamar438@gmail.com,5,217,0,10,0
eli391@google.com,1,90,0,10,0
eli415@outlook.com,2,81,0,10,0
eli38@outlook.com,5,207,0,11,0
avi135@google.com,2,247,1,15,0
tamar226@gmail.com,3,81,0,12,0
david115@me.com,6,73,1,19,0
tamar334@aws.com,1,143,0,17,0
tamar79@google.com,2,17,0,19,1
eli282@gmail.com,3,210,1,15,0
eli412@aws.com,1,132,1,11,0
efi70@gmail.com,3,168,0,12,0
avi167@gmail.com,6,243,1,17,0
efi285@gmail.com,3,227,1,17,0
eli187@outlook.com,16,51,1,17,1
efi76@me.com,3,247,1,16,0
eli429@google.com,1,640,1,18,1
avi201@outlook.com,2,129,1,16,0
avi71@gmail.com,6,161,1,19,0
david79@gmail.com,4,106,0,10,0
avi410@gmail.com,4,56,0,20,0
david396@gmail.com,2,135,0,10,0
efi50@aws.com,2,164,0,13,0
tamar41@aws.com,3,236,1,17,0
efi269@google.com,4,19,1,17,1
eli328@outlook.com,6,167,1,11,0
avi176@gmail.com,11,248,1,14,1
david248@google.com,1,229,1,14,0
david114@aws.com,5,101,0,19,0
efi201@aws.com,1,4,1,16,1
eli380@google.com,5,216,0,14,0
david12@gmail.com,2,140,1,15,0
david63@google.com,6,141,1,17,0
avi352@me.com,6,115,1,11,0
tamar233@gmail.com,6,153,0,18,0
avi431@google.com,1,208,1,17,0
avi133@me.com,10,22,0,17,1
avi178@outlook.com,1,1022,0,19,1
avi294@google.com,3,125,1,20,0
eli171@google.com,2,203,0,16,0
efi288@me.com,4,136,0,17,0
avi385@google.com,1,85,0,10,0
tamar366@aws.com,4,12,0,19,1
david430@gmail.com,2,211,1,10,0
david134@gmail.com,1,230,0,15,0
avi205@google.com,1,229,1,17,0
efi315@me.com,17,34,1,10,1
tamar322@aws.com,10,102,1,67,1
tamar167@gmail.com,3,233,1,16,0
eli316@aws.com,6,245,0,11,0
avi288@me.com,5,106,0,14,0
david269@gmail.com,2,1027,0,12,1
avi279@aws.com,3,131,1,14,0
efi251@outlook.com,1,142,1,14,0
tamar295@aws.com,4,184,1,12,0
tamar282@gmail.com,5,106,0,16,0
avi210@outlook.com,1,599,0,14,1
avi383@me.com,5,172,1,20,0
efi381@google.com,21,51,0,18,1
avi329@aws.com,6,91,0,10,0
eli154@aws.com,6,95,1,12,0
eli361@aws.com,3,241,0,17,0
tamar382@gmail.com,5,143,1,19,0
efi301@gmail.com,5,209,1,12,0
tamar155@google.com,24,91,0,20,1
david88@aws.com,12,12,0,11,1
tamar202@aws.com,1,215,0,19,0
david373@me.com,3,92,0,13,0
david24@aws.com,4,107,0,12,0
efi227@me.com,3,156,0,15,0
david37@gmail.com,1,224,0,20,0
tamar376@aws.com,1,83,0,14,0
eli30@google.com,1,228,1,10,0
avi146@me.com,14,249,1,48,1
david261@outlook.com,1,176,0,14,0
david191@gmail.com,5,132,1,18,0
eli310@me.com,2,154,1,12,0
tamar337@google.com,4,235,0,15,0
tamar390@google.com,4,179,0,11,0
tamar34@outlook.com,3,142,0,11,0
eli184@aws.com,4,246,1,12,0
tamar425@outlook.com,4,168,0,13,0
david324@google.com,3,90,1,20,0
avi96@aws.com,2,171,1,12,0
avi73@me.com,23,216,1,12,1
efi415@google.com,1,68,0,16,0
david223@me.com,5,116,1,15,0
tamar228@google.com,12,66,0,12,1
tamar149@google.com,2,1089,0,19,1
efi284@google.com,5,76,0,17,0
david166@outlook.com,2,40,0,17,1
efi211@gmail.com,5,173,0,20,0
efi410@google.com,1,294,0,19,1
efi438@aws.com,2,920,1,16,1
tamar278@gmail.com,6,52,0,13,0
eli49@google.com,5,112,1,11,0
tamar303@aws.com,4,19,0,20,1
eli453@me.com,1,235,0,11,0
david30@outlook.com,6,77,1,12,0
avi447@outlook.com,4,142,1,20,0
david191@outlook.com,3,166,1,18,0
eli262@me.com,2,317,1,20,1
tamar339@me.com,2,45,0,20,1
efi127@gmail.com,2,13,1,18,1
tamar113@outlook.com,1,94,1,10,0
tamar303@google.com,4,21,1,19,1
efi143@outlook.com,2,353,0,18,1
efi236@gmail.com,22,48,1,18,1
eli66@google.com,2,182,1,20,0
david230@aws.com,4,210,1,19,0
eli158@aws.com,3,160,1,15,0
tamar301@outlook.com,14,76,0,64,1
efi255@google.com,6,122,0,17,0
david372@outlook.com,3,52,0,19,0
david151@outlook.com,4,225,0,10,0
avi315@me.com,3,94,0,19,0
david318@me.com,4,16,1,15,1
avi161@outlook.com,4,106,1,19,0
david329@gmail.com,3,88,0,15,0
tamar72@google.com,1,63,1,14,0
efi126@me.com,2,187,0,17,0
david424@me.com,17,128,1,60,1
tamar184@aws.com,2,238,1,19,0
david271@gmail.com,20,66,1,43,1
eli343@google.com,5,142,1,10,0
efi248@me.com,4,125,1,12,0
efi267@gmail.com,3,212,1,10,0
eli220@google.com,2,58,0,20,0
efi328@me.com,1,205,0,19,0
avi14@aws.com,1,674,0,14,1
avi397@me.com,2,50,0,19,0
tamar227@outlook.com,5,131,1,19,0
eli388@google.com,5,126,1,16,0
tamar187@aws.com,1,15,0,12,1
eli312@outlook.com,2,501,0,12,1
tamar138@gmail.com,6,158,1,14,0
efi307@aws.com,4,26,0,13,1
avi263@outlook.com,5,249,1,11,0
david95@me.com,5,195,1,13,0
eli121@google.com,1,164,1,18,0
eli272@outlook.com,5,228,0,17,0
david343@gmail.com,2,247,0,16,0
eli106@outlook.com,1,142,1,15,0
avi379@outlook.com,4,123,1,17,0
efi384@me.com,4,2,1,17,1
david338@outlook.com,2,17,1,19,1
tamar184@outlook.com,1,187,1,15,0
efi180@google.com,3,153,1,11,0
efi416@gmail.com,5,57,1,12,0
tamar61@me.com,4,51,0,18,0
tamar447@google.com,4,102,1,18,0
eli267@aws.com,4,165,1,13,0
david420@outlook.com,1,27,1,10,1
avi61@gmail.com,6,124,1,19,0
eli109@gmail.com,1,34,0,13,1
efi418@outlook.com,6,72,1,17,0
avi208@me.com,3,145,0,16,0
david199@aws.com,1,94,0,13,0
tamar341@gmail.com,21,134,0,54,1
eli32@outlook.com,2,650,0,13,1
avi103@gmail.com,6,195,0,11,0
tamar440@google.com,4,242,1,20,0
eli78@gmail.com,1,1022,1,20,1
eli280@me.com,5,181,1,20,0
eli364@outlook.com,3,68,1,19,0
efi13@google.com,4,88,0,16,0
tamar305@gmail.com,23,174,1,16,1
david303@aws.com,1,189,0,12,0
tamar288@aws.com,1,66,0,13,0
efi404@aws.com,2,459,1,20,1
eli286@aws.com,14,99,1,67,1
efi133@aws.com,1,160,1,15,0
avi91@outlook.com,3,239,0,16,0
david417@aws.com,3,65,1,14,0
efi284@me.com,4,76,1,12,0
avi384@me.com,3,172,1,20,0
eli21@me.com,23,106,1,33,1
tamar104@outlook.com,1,523,0,18,1
david354@google.com,6,82,0,20,0
efi146@gmail.com,2,245,0,15,0
efi336@google.com,3,53,0,14,0
avi99@aws.com,2,924,1,15,1
tamar391@aws.com,14,241,0,70,1
avi50@google.com,4,240,0,14,0
eli185@google.com,5,100,1,10,0
efi346@gmail.com,3,166,1,16,0
david82@aws.com,5,101,1,19,0
tamar243@google.com,2,69,0,13,0
avi203@outlook.com,2,61,0,12,0
avi94@google.com,13,172,0,39,1
tamar2@gmail.com,5,87,1,11,0
tamar54@me.com,3,159,0,20,0
david307@gmail.com,4,207,0,10,0
efi418@gmail.com,3,90,0,10,0
efi196@outlook.com,4,75,0,12,0
eli47@google.com,3,130,0,18,0
david350@google.com,3,15,1,10,1
efi140@me.com,5,229,1,19,0
efi196@outlook.com,1,721,0,20,1
avi162@aws.com,4,189,1,15,0
david448@me.com,5,130,1,17,0
eli323@google.com,4,122,0,10,0
avi105@me.com,1,79,0,15,0
tamar353@outlook.com,2,128,1,12,0
efi417@gmail.com,4,95,0,15,0
david369@google.com,16,18,1,49,1
david329@me.com,1,101,1,17,0
tamar173@google.com,6,98,1,10,0
efi143@me.com,16,229,1,12,1
david248@gmail.com,19,225,1,10,1
efi91@outlook.com,5,190,1,14,0
david203@me.com,6,88,0,11,0
david264@gmail.com,4,82,1,13,0
efi83@google.com,6,100,0,17,0
eli17@google.com,5,216,1,14,0
david237@gmail.com,5,73,1,11,0
eli221@google.com,1,149,1,19,0
tamar436@outlook.com,6,208,0,11,0
avi32@me.com,4,223,1,15,0
efi61@gmail.com,5,97,1,17,0
tamar286@aws.com,3,131,1,15,0
eli27@gmail.com,1,211,1,19,0
david393@aws.com,3,112,1,11,0
efi407@outlook.com,1,207,0,16,0
tamar351@outlook.com,2,58,0,11,0
tamar256@outlook.com,6,238,1,19,0
eli389@outlook.com,4,170,0,16,0
tamar454@me.com,2,216,1,14,0
tamar152@gmail.com,6,231,0,17,0
eli382@aws.com,3,27,1,15,1
efi375@outlook.com,2,39,1,18,1
efi412@outlook.com,2,63,1,15,0
eli359@google.com,2,199,1,20,0
avi220@aws.com,5,89,0,18,0
eli49@google.com,6,59,1,19,0
efi166@aws.com,2,121,0,20,0
david289@gmail.com,5,99,0,16,0
eli114@me.com,12,233,1,48,1
tamar301@me.com,3,148,1,17,0
eli390@google.com,5,154,0,19,0
avi82@google.com,3,112,1,20,0
avi72@outlook.com,2,9,1,14,1
tamar160@outlook.com,2,230,0,16,0
david266@outlook.com,22,43,0,36,1
tamar331@gmail.com,5,165,1,10,0
eli233@outlook.com,2,476,1,16,1
david70@google.com,3,203,0,12,0
eli119@gmail.com,2,97,0,18,0
avi56@gmail.com,4,186,0,20,0
avi447@me.com,6,150,0,16,0
david391@outlook.com,22,186,1,37,1
efi190@gmail.com,4,216,0,17,0
avi383@me.com,1,107,0,19,0
david175@aws.com,2,136,0,12,0
tamar391@google.com,2,513,1,13,1
avi310@outlook.com,4,30,0,17,1
tamar159@outlook.com,4,177,0,12,0
tamar269@google.com,1,208,1,12,0
eli234@aws.com,2,393,0,14,1
avi67@outlook.com,3,98,1,18,0
tamar35@google.com,5,193,1,14,0
efi317@google.com,4,197,0,18,0
eli188@me.com,1,138,0,20,0
david75@outlook.com,4,155,1,16,0
tamar319@me.com,3,171,1,15,0
avi349@aws.com,2,978,1,14,1
david354@gmail.com,2,205,0,14,0
eli11@me.com,3,52,1,20,0
efi154@outlook.com,4,219,1,17,0
david95@aws.com,6,64,1,16,0
efi137@google.com,3,184,0,19,0
efi350@aws.com,6,151,1,13,0
eli217@outlook.com,6,137,1,16,0
efi341@aws.com,5,210,0,10,0
tamar432@google.com,1,138,1,12,0
eli18@google.com,5,208,1,14,0
eli395@aws.com,6,101,0,16,0
david284@google.com,1,103,0,10,0
efi124@me.com,20,15,1,40,1
david67@me.com,4,66,1,11,0
avi65@google.com,1,142,1,19,0
tamar176@outlook.com,11,189,1,52,1
david298@me.com,5,248,0,12,0
david53@me.com,2,573,0,17,1
avi433@gmail.com,1,170,1,19,0
eli154@outlook.com,6,104,0,20,0
avi453@gmail.com,10,150,0,12,1
david210@me.com,2,175,1,11,0
david335@me.com,2,88,1,15,0
efi17@outlook.com,5,115,0,17,0
tamar78@aws.com,6,173,1,14,0
efi330@gmail.com,16,172,1,13,1
david214@google.com,5,230,1,20,0
eli436@me.com,4,77,1,16,0
avi195@aws.com,3,118,0,14,0
efi280@outlook.com,5,205,1,11,0
avi348@gmail.com,2,94,0,11,0
efi201@outlook.com,6,177,0,14,0
eli59@gmail.com,4,132,1,15,0
avi136@aws.com,4,60,1,15,0
tamar357@aws.com,6,208,0,13,0
david43@gmail.com,4,137,0,12,0
david260@google.com,10,245,1,14,1
efi184@gmail.com,2,116,1,10,0
tamar209@outlook.com,4,139,1,19,0
david7@google.com,2,266,0,20,1
eli287@outlook.com,1,561,1,11,1
efi123@outlook.com,2,147,1,19,0
david6@google.com,4,212,1,16,0
tamar442@me.com,5,143,0,16,0
avi212@outlook.com,4,191,1,18,0
david308@me.com,2,116,1,17,0
tamar191@me.com,1,169,0,10,0
avi109@google.com,5,79,0,20,0
avi403@gmail.com,6,77,0,14,0
eli242@gmail.com,3,4,1,19,1
tamar3@gmail.com,2,63,1,15,0
efi318@outlook.com,4,228,1,19,0
avi130@aws.com,3,218,1,16,0
eli132@google.com,5,87,0,16,0
efi246@aws.com,1,208,1,18,0
david151@gmail.com,1,88,1,11,0
david163@gmail.com,3,84,1,16,0
avi89@google.com,3,26,1,19,1
eli81@aws.com,3,181,1,10,0
eli300@me.com,3,21,1,17,1
eli139@outlook.com,19,161,0,18,1
avi141@google.com,6,241,0,13,0
eli428@gmail.com,5,237,0,17,0
avi365@me.com,1,39,1,20,1
avi287@outlook.com,2,89,1,14,0
david132@outlook.com,6,97,1,19,0
eli60@me.com,18,32,1,41,1
avi440@outlook.com,19,142,1,36,1
efi232@aws.com,4,71,0,10,0
eli122@aws.com,2,1042,0,17,1
eli190@gmail.com,19,96,1,14,1
david404@aws.com,2,220,0,19,0
avi292@outlook.com,2,133,1,14,0
avi67@outlook.com,5,175,0,16,0
david159@google.com,6,87,0,11,0
eli49@google.com,6,111,1,10,0
tamar386@gmail.com,21,11,1,12,1
eli230@outlook.com,6,78,1,17,0
eli235@google.com,6,198,1,17,0
efi351@google.com,1,211,1,14,0
tamar331@aws.com,3,199,1,19,0
tamar54@me.com,5,108,1,15,0
avi374@outlook.com,4,192,0,15,0
eli251@gmail.com,4,147,1,17,0
efi365@aws.com,4,111,1,12,0
eli365@google.com,5,59,0,10,0
tamar94@aws.com,1,246,1,20,0
david364@aws.com,5,222,1,15,0
eli131@outlook.com,5,236,0,19,0
david347@google.com,1,213,0,15,0
david11@google.com,2,217,1,18,0
avi143@google.com,5,213,1,12,0
eli352@outlook.com,2,107,1,18,0
avi2@google.com,2,89,0,10,0
tamar180@google.com,5,175,1,19,0
efi83@google.com,1,126,1,15,0
tamar362@aws.com,3,172,1,20,0
eli453@me.com,24,104,1,14,1
eli9@aws.com,2,31,1,20,1
tamar315@gmail.com,4,222,1,16,0
eli78@aws.com,1,249,0,15,0
eli117@outlook.com,2,160,0,17,0
david358@aws.com,3,15,1,11,1
efi380@google.com,17,75,1,31,1
avi374@gmail.com,3,42,0,13,1
avi36@aws.com,1,189,0,18,0
eli257@gmail.com,4,230,0,13,0
tamar187@gmail.com,3,176,1,19,0
avi237@google.com,2,240,1,12,0
efi339@gmail.com,3,84,0,12,0
tamar48@me.com,2,109,0,18,0
avi117@gmail.com,2,44,0,14,1
david266@aws.com,12,148,1,16,1
eli381@gmail.com,1,126,0,19,0
david449@gmail.com,4,59,1,11,0
tamar183@me.com,4,39,0,16,1
eli27@google.com,1,199,1,18,0
eli297@outlook.com,5,157,0,12,0
david369@outlook.com,13,119,0,16,1
eli7@outlook.com,1,954,1,13,1
efi399@outlook.com,2,196,0,14,0
david425@google.com,2,53,1,20,0
david383@outlook.com,6,159,1,18,0
tamar286@aws.com,2,823,1,18,1
tamar431@aws.com,1,219,1,16,0
eli242@gmail.com,6,192,1,17,0
eli354@outlook.com,6,70,0,14,0
avi166@outlook.com,3,60,1,17,0
efi440@me.com,2,182,0,16,0
tamar44@aws.com,2,36,0,18,1
eli197@aws.com,2,134,0,10,0
tamar120@me.com,4,224,1,16,0
avi133@google.com,1,236,0,14,0
tamar186@gmail.com,6,90,1,11,0
avi55@gmail.com,2,476,0,13,1
tamar197@aws.com,3,132,1,14,0
efi151@google.com,6,145,1,16,0
avi434@outlook.com,3,205,1,13,0
tamar56@google.com,5,193,1,10,0
efi368@gmail.com,3,165,1,11,0
david337@aws.com,3,160,1,16,0
avi139@aws.com,4,37,0,12,1
efi265@gmail.com,2,54,1,16,0
efi312@me.com,6,130,1,18,0
eli157@me.com,1,236,1,18,0
eli415@outlook.com,2,73,1,17,0
eli326@me.com,3,174,0,11,0
eli60@gmail.com,1,261,1,14,1
tamar454@gmail.com,1,151,0,14,0
david217@gmail.com,1,64,1,20,0
avi212@google.com,2,574,1,12,1
efi196@aws.com,6,193,0,16,0
tamar382@aws.com,1,101,1,17,0
eli431@google.com,1,130,0,14,0
avi401@google.com,6,248,0,11,0
avi360@gmail.com,2,180,0,19,0
david123@gmail.com,3,198,1,16,0
efi96@outlook.com,5,214,1,20,0
efi70@aws.com,1,115,0,11,0
eli394@aws.com,4,78,1,11,0
david432@google.com,6,183,0,11,0
david327@outlook.com,1,200,0,14,0
avi427@google.com,20,238,0,10,1
efi368@google.com,10,14,1,64,1
avi139@outlook.com,1,188,0,10,0
eli399@aws.com,16,210,0,70,1
tamar440@google.com,3,133,0,11,0
tamar119@outlook.com,5,245,0,17,0
tamar161@outlook.com,2,1025,0,18,1
efi253@google.com,6,148,0,13,0
avi442@outlook.com,23,32,0,18,1
efi72@me.com,6,145,1,15,0
avi305@me.com,24,131,0,17,1
david62@gmail.com,4,103,1,10,0
david163@outlook.com,3,8,1,15,1
eli394@aws.com,4,64,1,19,0
tamar182@me.com,3,73,1,13,0
eli26@google.com,6,151,1,14,0
david155@outlook.com,4,162,0,12,0
eli215@outlook.com,1,194,0,13,0
david181@aws.com,2,215,1,10,0
avi169@google.com,1,675,1,14,1
efi411@google.com,4,158,1,16,0
efi48@outlook.com,5,72,1,17,0
avi200@gmail.com,1,175,1,14,0
efi169@gmail.com,16,28,1,25,1
efi243@me.com,1,155,0,12,0
eli209@aws.com,3,90,1,11,0
efi275@gmail.com,3,11,0,15,1
david206@outlook.com,1,805,1,10,1
efi175@outlook.com,1,483,0,11,1
david417@outlook.com,4,81,1,19,0
tamar387@me.com,3,96,0,18,0
eli120@gmail.com,3,223,0,10,0
eli375@outlook.com,4,45,0,20,1
david414@gmail.com,3,151,0,17,0
efi132@google.com,1,102,1,15,0
efi408@outlook.com,4,119,0,14,0
tamar284@google.com,23,186,1,16,1
avi96@outlook.com,4,213,0,17,0
eli428@aws.com,3,119,1,17,0
david98@gmail.com,2,78,1,16,0
david107@google.com,4,136,1,13,0
eli119@gmail.com,4,228,0,14,0
efi62@google.com,4,12,0,13,1
efi444@google.com,2,695,1,17,1
avi21@me.com,1,151,1,19,0
david304@me.com,6,173,0,17,0
avi347@google.com,4,30,0,11,1
eli378@me.com,23,160,1,10,1
eli60@outlook.com,4,125,1,15,0
tamar236@google.com,4,30,0,20,1
eli52@gmail.com,4,172,0,10,0
david120@outlook.com,5,177,0,10,0
avi202@me.com,4,218,0,13,0
efi80@outlook.com,2,62,0,12,0
tamar101@me.com,1,32,0,19,1
eli32@google.com,3,10,1,11,1
avi369@gmail.com,4,228,1,11,0
tamar215@aws.com,2,180,0,17,0
david233@gmail.com,1,114,1,13,0
eli404@aws.com,6,219,1,10,0
eli281@me.com,23,36,0,15,1
david290@me.com,6,134,0,12,0
efi454@google.com,1,127,1,13,0
tamar92@google.com,1,150,1,13,0
avi211@outlook.com,6,121,1,14,0
tamar208@google.com,6,202,1,18,0
david439@aws.com,1,668,0,14,1
eli214@outlook.com,1,117,1,20,0
avi175@google.com,5,93,1,18,0
tamar370@aws.com,11,193,0,13,1
david95@me.com,3,110,0,13,0
david65@gmail.com,3,90,1,15,0
david74@google.com,1,191,0,17,0
tamar189@me.com,13,95,0,12,1
eli416@me.com,1,119,0,15,0
efi21@google.com,2,94,1,20,0
eli119@google.com,4,229,1,19,0
avi254@gmail.com,4,8,1,19,1
eli310@outlook.com,1,50,0,18,0
eli263@aws.com,21,101,1,19,1
efi378@gmail.com,2,23,1,17,1
eli364@aws.com,3,71,1,15,0
david303@google.com,2,154,1,14,0
david196@google.com,24,141,0,15,1
tamar347@aws.com,1,127,0,10,0
david375@aws.com,3,27,0,20,1
david80@aws.com,2,842,0,13,1
tamar217@outlook.com,1,149,0,15,0
tamar347@aws.com,1,247,1,18,0
eli233@gmail.com,4,234,0,14,0
efi133@gmail.com,6,53,0,19,0
efi287@google.com,2,16,1,16,1
tamar304@gmail.com,12,231,1,62,1
avi191@gmail.com,3,173,1,18,0
avi382@google.com,6,186,1,18,0
tamar303@gmail.com,4,216,0,14,0
eli204@outlook.com,4,245,1,20,0
avi394@gmail.com,1,163,1,16,0
tamar452@gmail.com,1,743,1,11,1
eli353@google.com,5,83,0,17,0
avi15@aws.com,4,212,1,11,0
eli109@google.com,5,182,0,16,0
efi92@me.com,13,196,1,16,1
eli411@outlook.com,2,92,0,12,0
eli430@aws.com,5,57,0,16,0
eli118@outlook.com,16,39,1,18,1
avi332@gmail.com,1,106,0,12,0
eli66@me.com,3,80,1,13,0
avi189@outlook.com,16,75,0,11,1
david346@google.com,6,176,1,12,0
avi447@aws.com,1,19,0,16,1
eli328@me.com,14,92,1,13,1
tamar250@google.com,1,231,0,20,0
tamar289@aws.com,3,10,1,11,1
tamar177@me.com,24,78,1,14,1
efi52@aws.com,4,104,0,12,0
efi216@me.com,17,119,1,20,1
david105@google.com,3,74,0,17,0
tamar21@outlook.com,4,197,0,18,0
tamar29@outlook.com,2,72,1,17,0
avi138@me.com,5,220,1,17,0
eli321@me.com,2,145,1,16,0
avi32@google.com,3,9,1,17,1
david12@me.com,17,250,1,20,1
david162@gmail.com,5,186,0,12,0
tamar288@outlook.com,3,88,0,14,0
efi269@google.com,4,100,0,12,0
david28@gmail.com,1,160,1,12,0
efi404@gmail.com,5,87,0,13,0
david17@outlook.com,4,152,1,19,0
avi333@outlook.com,1,43,0,13,1
david416@google.com,2,157,0,16,0
david238@outlook.com,6,96,1,20,0
tamar37@google.com,6,206,0,14,0
david167@me.com,5,69,0,13,0
tamar79@google.com,3,228,0,14,0
efi219@google.com,2,85,1,11,0
david379@outlook.com,4,232,0,10,0
tamar141@me.com,24,166,1,16,1
avi207@gmail.com,5,101,1,12,0
eli65@aws.com,22,110,0,28,1
avi108@google.com,3,195,1,18,0
avi174@gmail.com,5,247,1,16,0
efi186@gmail.com,5,95,1,17,0
efi297@outlook.com,1,56,0,19,0
david248@outlook.com,2,43,0,17,1
avi208@gmail.com,2,205,0,12,0
avi160@gmail.com,1,173,0,11,0
efi244@aws.com,6,154,0,10,0
efi257@aws.com,6,60,1,15,0
david39@gmail.com,4,194,0,20,0
david127@outlook.com,2,997,0,17,1
tamar349@google.com,6,235,1,16,0
avi184@me.com,4,137,1,20,0
tamar61@google.com,2,223,0,10,0
eli452@gmail.com,1,162,1,11,0
eli451@me.com,4,202,0,12,0
efi110@outlook.com,2,102,1,12,0
david264@gmail.com,6,132,0,10,0
eli391@outlook.com,4,181,0,13,0
david194@google.com,4,38,1,15,1
david250@google.com,3,134,1,18,0
efi133@outlook.com,4,124,1,12,0
efi441@gmail.com,6,129,0,19,0
tamar121@aws.com,10,23,1,19,1
avi108@google.com,2,125,0,10,0
eli21@aws.com,6,119,1,17,0
tamar226@gmail.com,5,54,0,13,0
avi419@me.com,6,186,0,11,0
avi348@google.com,2,29,1,20,1
eli351@google.com,6,138,1,12,0
avi234@me.com,6,149,1,15,0
avi148@outlook.com,2,530,1,20,1
tamar375@aws.com,1,186,0,19,0
eli251@google.com,2,677,1,15,1
efi416@outlook.com,2,71,0,16,0
eli333@google.com,3,7,1,16,1
avi116@google.com,2,126,0,19,0
david243@google.com,6,182,0,11,0
david57@aws.com,1,235,0,16,0
avi287@outlook.com,3,72,1,17,0
avi394@google.com,5,209,0,10,0
avi222@google.com,2,170,0,11,0
david220@aws.com,6,75,1,10,0
tamar97@gmail.com,2,121,1,19,0
avi291@me.com,6,176,0,16,0
tamar148@aws.com,3,145,1,16,0
eli291@outlook.com,1,86,0,19,0
david310@gmail.com,4,216,0,17,0
avi200@me.com,5,209,1,14,0
avi19@google.com,6,62,1,14,0
david87@outlook.com,1,219,0,16,0
david129@gmail.com,4,160,1,12,0
avi31@google.com,1,357,0,10,1
efi144@gmail.com,6,170,1,12,0
eli378@aws.com,2,209,0,14,0
david149@google.com,5,78,1,12,0
eli233@google.com,6,121,1,16,0
eli171@me.com,2,97,1,11,0
efi349@google.com,1,146,1,20,0
david95@aws.com,4,98,1,12,0
david349@gmail.com,22,209,1,65,1
tamar247@me.com,5,139,1,10,0
eli301@gmail.com,23,187,1,59,1
eli419@aws.com,1,152,1,10,0
efi347@me.com,4,42,0,13,1
avi317@gmail.com,1,141,0,20,0
avi455@outlook.com,1,19,1,10,1
david2@outlook.com,3,182,1,19,0
david210@gmail.com,23,156,1,19,1
efi361@google.com,6,147,1,18,0
efi46@me.com,1,213,0,16,0
eli214@google.com,1,66,1,20,0
efi327@outlook.com,6,54,0,15,0
efi344@aws.com,1,204,1,13,0
efi354@gmail.com,22,195,0,14,1
david163@google.com,4,15,0,19,1
tamar277@aws.com,22,218,1,25,1
tamar2@me.com,2,208,1,16,0
avi418@outlook.com,4,146,1,18,0
tamar52@outlook.com,5,219,1,16,0
eli113@aws.com,1,103,0,13,0
tamar5@outlook.com,3,26,1,16,1
tamar114@gmail.com,2,523,1,11,1
eli51@outlook.com,4,87,0,11,0
tamar282@google.com,19,66,1,13,1
tamar454@aws.com,6,215,1,14,0
eli388@gmail.com,22,97,0,12,1
tamar392@aws.com,15,115,1,18,1
david22@gmail.com,4,11,0,14,1
david86@outlook.com,2,1080,1,11,1
efi9@me.com,4,96,0,14,0
efi40@gmail.com,3,132,1,11,0
eli24@aws.com,22,186,0,20,1
david34@gmail.com,3,240,0,10,0
eli18@aws.com,3,144,1,12,0
avi142@gmail.com,3,189,1,16,0
avi254@outlook.com,2,95,1,12,0
avi43@google.com,4,67,0,16,0
efi343@gmail.com,6,226,1,16,0
efi221@outlook.com,2,241,1,11,0
efi151@gmail.com,1,106,0,16,0
eli378@gmail.com,2,843,0,17,1
david192@google.com,1,16,1,10,1
tamar375@gmail.com,4,102,0,16,0
eli367@gmail.com,4,171,1,12,0
david122@gmail.com,2,139,0,10,0
avi230@google.com,2,206,0,19,0
tamar358@google.com,6,207,0,12,0
david50@me.com,5,91,0,16,0
david187@outlook.com,4,191,0,19,0
tamar441@aws.com,6,166,1,11,0
avi29@aws.com,1,216,0,18,0
eli115@me.com,4,66,0,16,0
eli367@me.com,4,211,1,18,0
david282@me.com,1,134,1,10,0
avi67@me.com,2,63,0,17,0
tamar106@outlook.com,5,130,1,12,0
eli321@aws.com,1,189,1,12,0
avi270@gmail.com,4,218,0,13,0
david445@me.com,2,417,0,14,1
david292@gmail.com,4,182,0,11,0
efi431@me.com,11,176,0,13,1
efi388@me.com,1,24,0,14,1
tamar211@aws.com,1,226,0,15,0
avi287@gmail.com,19,190,1,58,1
avi6@gmail.com,3,53,1,16,0
eli58@gmail.com,5,144,1,16,0
avi230@me.com,2,22,1,14,1
tamar376@aws.com,3,95,1,12,0
tamar187@me.com,13,194,1,19,1
eli156@outlook.com,2,228,0,18,0
eli313@me.com,4,199,0,19,0
efi38@outlook.com,2,130,1,17,0
avi203@gmail.com,2,200,0,14,0
tamar192@aws.com,2,67,1,11,0
tamar202@gmail.com,2,193,1,20,0
tamar398@me.com,6,144,0,15,0
efi222@outlook.com,2,209,0,19,0
tamar439@gmail.com,6,123,1,10,0
eli195@outlook.com,2,203,1,18,0
david143@outlook.com,4,171,0,14,0
tamar411@me.com,4,216,1,19,0
eli310@me.com,6,199,0,12,0
david321@google.com,2,217,1,17,0
avi334@outlook.com,1,162,0,10,0
tamar181@aws.com,16,213,1,70,1
eli261@me.com,5,245,1,18,0
tamar384@aws.com,5,132,0,16,0
tamar311@aws.com,1,106,0,17,0
eli419@google.com,13,118,1,17,1
tamar377@google.com,5,232,1,13,0
avi137@outlook.com,15,220,1,20,1
avi118@gmail.com,4,212,1,11,0
avi121@me.com,2,215,1,15,0
eli260@google.com,3,170,1,17,0
eli30@google.com,19,236,1,12,1
avi201@aws.com,2,37,0,11,1
avi379@outlook.com,2,115,0,13,0
david24@me.com,1,427,1,18,1
eli8@google.com,2,65,0,13,0
eli33@me.com,6,205,0,10,0
efi96@aws.com,1,173,0,20,0
eli95@me.com,2,191,1,20,0
eli48@aws.com,3,120,0,16,0
efi279@outlook.com,3,91,1,19,0
efi140@aws.com,5,104,0,11,0
efi299@me.com,5,162,1,11,0
tamar434@gmail.com,4,208,0,16,0
david379@me.com,19,200,1,37,1
tamar18@outlook.com,15,79,1,37,1
efi224@aws.com,4,132,0,10,0
efi283@me.com,4,245,1,17,0
david261@me.com,11,23,0,18,1
david45@outlook.com,3,151,1,15,0
eli11@gmail.com,4,238,1,20,0
avi300@google.com,3,190,0,20,0
tamar291@outlook.com,3,243,1,14,0
david288@aws.com,12,192,1,12,1
eli30@aws.com,4,218,1,13,0
efi188@outlook.com,4,196,1,11,0
eli44@google.com,3,168,1,19,0
eli119@aws.com,4,206,1,15,0
avi177@google.com,1,196,0,14,0
tamar199@aws.com,19,151,1,52,1
david364@google.com,2,207,0,18,0
avi45@aws.com,1,194,0,11,0
tamar45@aws.com,1,119,1,14,0
david88@gmail.com,18,24,1,46,1
efi4@aws.com,2,77,0,12,0
eli7@aws.com,5,181,1,19,0
david39@google.com,2,144,0,13,0
eli357@gmail.com,6,174,1,18,0
david110@google.com,2,186,0,16,0
david268@outlook.com,5,131,1,10,0
efi380@me.com,2,146,0,15,0
david409@google.com,1,567,1,12,1
efi32@google.com,1,663,1,16,1
efi408@outlook.com,5,250,0,10,0
efi8@google.com,22,42,1,14,1
eli239@me.com,1,23,1,14,1
efi98@gmail.com,18,140,0,70,1
efi242@me.com,3,173,0,10,0
david341@gmail.com,2,100,1,15,0
efi384@google.com,3,107,0,20,0
efi12@outlook.com,2,211,0,20,0
david180@outlook.com,4,238,1,14,0
avi241@outlook.com,6,229,0,19,0
david68@google.com,18,12,1,16,1
david110@outlook.com,6,247,1,13,0
tamar77@google.com,13,160,1,54,1
avi454@me.com,2,189,1,12,0
tamar38@aws.com,3,127,0,20,0
eli303@google.com,4,223,0,17,0
tamar59@aws.com,2,298,0,14,1
efi343@outlook.com,2,130,0,19,0
david331@gmail.com,1,136,0,18,0
eli151@me.com,1,95,1,14,0
eli334@me.com,1,36,0,17,1
efi269@aws.com,6,209,0,15,0
avi107@outlook.com,4,247,1,11,0
david394@me.com,1,693,1,11,1
tamar25@gmail.com,5,195,0,12,0
david231@aws.com,6,104,0,12,0
david307@outlook.com,6,147,0,15,0
eli384@gmail.com,1,158,0,19,0
avi343@aws.com,5,77,0,14,0
eli351@aws.com,3,12,0,19,1
tamar83@gmail.com,2,134,1,18,0
tamar80@aws.com,19,202,1,38,1
david222@aws.com,2,110,0,11,0
tamar129@gmail.com,2,6,1,20,1
avi281@google.com,6,95,1,12,0
david149@me.com,2,85,1,16,0
tamar92@google.com,4,93,1,11,0
tamar72@gmail.com,1,142,1,17,0
efi230@outlook.com,6,154,1,20,0
eli48@google.com,1,78,1,14,0
avi377@me.com,3,152,1,14,0
tamar133@gmail.com,22,42,0,20,1
david35@outlook.com,1,73,1,12,0
tamar351@outlook.com,4,201,0,16,0
efi412@aws.com,4,121,1,17,0
efi404@outlook.com,11,142,0,20,1
avi149@aws.com,5,102,0,17,0
tamar137@gmail.com,5,197,1,13,0
efi367@google.com,5,249,1,13,0
eli55@aws.com,10,196,0,18,1
avi416@google.com,2,29,0,10,1
efi381@me.com,10,41,1,56,1
tamar407@gmail.com,5,60,0,16,0
eli434@gmail.com,6,135,0,16,0
tamar395@aws.com,4,18,1,11,1
efi38@outlook.com,4,123,1,20,0
david245@gmail.com,6,216,0,10,0
david340@aws.com,5,187,1,15,0
avi431@google.com,2,33,1,16,1
david264@aws.com,6,135,0,18,0
efi351@aws.com,4,177,0,13,0
tamar23@outlook.com,2,14,1,20,1
eli301@me.com,1,166,1,13,0
tamar110@aws.com,5,212,0,10,0
efi247@me.com,19,201,1,20,1
eli357@gmail.com,4,128,0,20,0
efi345@aws.com,3,216,1,10,0
eli361@gmail.com,2,206,0,10,0
eli80@google.com,6,129,0,20,0
tamar124@google.com,4,218,0,18,0
avi161@aws.com,6,93,0,15,0
tamar415@me.com,3,42,1,10,1
efi204@outlook.com,1,143,1,17,0
tamar177@outlook.com,4,176,0,19,0
tamar223@aws.com,1,227,1,10,0
tamar323@google.com,1,498,0,15,1
avi394@me.com,1,77,1,17,0
eli38@outlook.com,3,211,0,12,0
eli290@google.com,6,160,0,12,0
efi38@gmail.com,18,213,1,16,1
david419@outlook.com,1,98,1,15,0
efi193@gmail.com,2,57,0,15,0
efi392@me.com,5,145,0,14,0
tamar334@gmail.com,17,188,1,29,1
efi371@aws.com,4,169,0,13,0
avi435@gmail.com,6,212,0,10,0
eli73@aws.com,2,109,1,16,0
eli205@outlook.com,4,100,1,19,0
avi25@gmail.com,2,455,1,12,1
eli301@gmail.com,6,102,1,18,0
eli417@me.com,6,193,1,11,0
david98@outlook.com,1,182,0,20,0
avi173@outlook.com,1,167,0,12,0
avi181@google.com,6,128,0,20,0
avi203@gmail.com,2,112,0,16,0
avi429@outlook.com,4,19,0,12,1
david129@me.com,4,115,1,17,0
avi180@outlook.com,1,230,0,18,0
avi93@google.com,4,242,1,17,0
tamar373@outlook.com,1,150,0,15,0
eli432@gmail.com,1,250,0,20,0
efi315@aws.com,3,131,0,11,0
avi368@google.com,6,188,0,12,0
eli364@gmail.com,5,119,1,14,0
tamar202@google.com,6,145,0,19,0
eli120@me.com,21,110,0,19,1
avi99@aws.com,1,90,0,20,0
tamar15@me.com,1,155,1,13,0
david139@aws.com,4,204,1,14,0
efi248@outlook.com,2,223,0,19,0
tamar113@aws.com,4,236,1,10,0
efi149@google.com,2,3,1,10,1
david299@aws.com,3,229,1,17,0
avi426@google.com,4,224,0,12,0
eli356@aws.com,3,32,1,20,1
efi427@me.com,2,132,0,17,0
efi142@me.com,2,5,0,20,1
efi126@outlook.com,1,668,0,20,1
david268@aws.com,2,98,0,12,0
tamar145@me.com,2,181,1,13,0
eli19@google.com,6,133,1,17,0
avi445@aws.com,18,17,1,60,1
tamar356@outlook.com,5,67,1,14,0
efi268@aws.com,5,62,0,19,0
tamar214@aws.com,5,175,1,14,0
avi72@google.com,11,146,1,16,1
tamar223@gmail.com,4,55,1,14,0
avi83@aws.com,4,126,0,18,0
tamar268@me.com,3,139,0,11,0
tamar15@aws.com,10,108,0,17,1
efi168@gmail.com,2,212,0,10,0
eli157@google.com,1,16,0,11,1
tamar217@me.com,1,12,1,18,1
david26@gmail.com,6,236,0,15,0
avi205@aws.com,2,39,0,19,1
eli303@outlook.com,6,211,1,19,0
tamar412@google.com,6,66,1,12,0
david275@google.com,2,162,1,16,0
efi322@google.com,2,178,1,11,0
tamar127@gmail.com,5,101,1,13,0
avi362@aws.com,6,228,0,14,0
eli113@gmail.com,1,63,0,13,0
eli264@gmail.com,1,39,0,12,1
avi65@outlook.com,1,852,1,18,1
david98@outlook.com,2,218,1,15,0
eli170@gmail.com,1,1087,1,13,1
avi256@google.com,4,119,0,12,0
avi284@me.com,10,193,0,17,1
efi346@aws.com,1,188,0,11,0
eli322@google.com,5,86,1,11,0
tamar402@outlook.com,6,51,0,12,0
efi438@gmail.com,2,112,0,17,0
david434@me.com,2,84,0,10,0
eli175@outlook.com,1,303,0,15,1
avi266@gmail.com,4,109,0,19,0
tamar454@gmail.com,6,193,1,12,0
tamar165@me.com,2,22,1,15,1
efi206@google.com,1,185,0,10,0
david83@google.com,6,127,1,19,0
eli425@outlook.com,3,130,0,20,0
avi169@aws.com,1,199,0,14,0
tamar105@google.com,5,51,1,11,0
david443@aws.com,12,224,0,49,1
david105@me.com,4,237,1,18,0
efi34@me.com,5,90,1,16,0
eli142@outlook.com,4,163,0,20,0
eli432@google.com,5,232,0,18,0
tamar439@aws.com,5,232,1,12,0
eli81@me.com,3,104,1,13,0
efi405@gmail.com,5,184,1,15,0
eli422@me.com,1,42,1,12,1
tamar249@gmail.com,1,170,1,16,0
david335@aws.com,6,194,1,10,0
tamar107@me.com,5,246,1,12,0
efi295@google.com,5,185,1,18,0
avi341@outlook.com,6,137,0,17,0
tamar155@gmail.com,5,226,0,15,0
tamar219@google.com,3,143,0,20,0
eli346@gmail.com,5,177,0,20,0
avi24@google.com,3,77,1,17,0
avi246@gmail.com,2,219,1,20,0
eli319@google.com,1,351,1,19,1
tamar64@google.com,3,70,1,15,0
avi437@google.com,5,139,1,19,0
eli393@me.com,4,210,0,14,0
avi268@gmail.com,3,112,1,18,0
avi389@aws.com,4,56,1,12,0
eli448@me.com,2,581,0,10,1
efi76@gmail.com,2,103,0,14,0
tamar197@outlook.com,5,206,0,18,0
eli295@aws.com,3,65,0,10,0
tamar51@aws.com,3,95,0,10,0
avi22@outlook.com,3,223,0,11,0
efi335@aws.com,1,250,1,11,0
avi184@gmail.com,5,106,0,17,0
eli344@me.com,4,168,1,18,0
avi114@gmail.com,15,159,1,16,1
david7@google.com,6,220,0,18,0
avi66@gmail.com,1,170,1,18,0
avi124@gmail.com,5,195,0,19,0
tamar161@outlook.com,2,232,1,11,0
eli205@google.com,2,5,1,13,1
avi212@me.com,3,122,0,15,0
efi39@google.com,5,54,1,15,0
eli86@me.com,2,126,0,17,0
avi105@aws.com,4,150,1,13,0
efi152@gmail.com,2,112,1,15,0
tamar432@aws.com,4,219,0,19,0
efi315@aws.com,2,153,1,14,0
eli105@outlook.com,3,246,0,10,0
tamar236@outlook.com,3,174,0,14,0
efi404@outlook.com,1,27,0,17,1
avi246@aws.com,11,116,1,19,1
avi222@aws.com,4,117,0,11,0
david193@outlook.com,6,242,0,19,0
tamar246@gmail.com,1,103,1,10,0
eli273@aws.com,5,219,0,12,0
david392@me.com,5,249,1,15,0
david217@me.com,4,74,0,18,0
david145@aws.com,14,21,1,15,1
tamar80@gmail.com,4,64,0,20,0
tamar300@outlook.com,11,22,0,10,1
david47@google.com,5,165,1,14,0
efi229@me.com,1,163,0,20,0
david76@aws.com,3,217,1,15,0
tamar304@google.com,5,133,1,11,0
avi192@google.com,5,163,1,13,0
efi207@outlook.com,4,209,1,16,0
tamar414@outlook.com,6,113,1,14,0
efi337@aws.com,2,176,1,18,0
avi183@outlook.com,2,422,0,13,1
tamar279@google.com,6,67,1,12,0
efi76@outlook.com,5,119,1,15,0
eli371@outlook.com,3,181,0,15,0
david70@google.com,4,114,1,13,0
efi420@gmail.com,6,184,0,10,0
efi352@outlook.com,2,71,0,14,0
david32@google.com,4,223,1,11,0
avi361@google.com,1,235,0,11,0
eli127@gmail.com,2,45,0,15,1
eli260@me.com,20,52,0,64,1
avi287@google.com,3,125,1,15,0
efi233@google.com,4,28,1,15,1
david313@aws.com,18,170,1,14,1
avi99@gmail.com,5,131,0,18,0
efi331@google.com,2,36,1,13,1
david299@google.com,2,977,1,13,1
avi158@outlook.com,2,18,1,19,1
efi304@google.com,1,129,0,18,0
tamar432@me.com,15,228,1,41,1
efi435@outlook.com,5,179,0,15,0
avi173@google.com,3,106,0,13,0
david35@outlook.com,5,205,0,13,0
david284@me.com,2,208,0,14,0
david243@me.com,3,198,0,20,0
eli111@aws.com,6,116,1,16,0
efi237@outlook.com,23,42,1,13,1
david279@aws.com,5,142,1,19,0
eli414@gmail.com,5,67,1,10,0
tamar67@gmail.com,2,126,0,15,0
efi38@gmail.com,5,214,1,19,0
tamar147@aws.com,6,69,1,12,0
avi396@google.com,2,155,0,10,0
david344@me.com,5,55,1,13,0
tamar18@gmail.com,1,201,0,20,0
eli18@aws.com,1,255,0,18,1
tamar192@outlook.com,2,75,0,16,0
david373@google.com,15,37,0,10,1
eli209@me.com,3,89,0,10,0
avi367@outlook.com,2,243,0,11,0
avi53@aws.com,3,87,0,11,0
david52@outlook.com,13,221,1,48,1
eli222@gmail.com,2,80,1,19,0
avi299@outlook.com,1,109,1,18,0
tamar436@me.com,5,51,0,17,0
eli319@outlook.com,3,224,0,16,0
david186@google.com,5,84,0,18,0